Name,Description
Dr. Anil Kumar, https://www.practo.com/delhi/doctor/dr-anil-kumar-psychiatrist
Dr. Shalini Gupta, https://www.practo.com/delhi/doctor/dr-shalini-gupta-clinical-psychologist
Dr. Manisha Sharma, https://www.practo.com/delhi/doctor/dr-manisha-sharma-psychologist
Dr. Sanjay Jain, https://www.practo.com/delhi/doctor/dr-sanjay-jain-psychiatrist
Dr. Priya Mehta, https://www.practo.com/delhi/doctor/dr-priya-mehta-psychotherapist
Dr. Rajesh Gupta, https://www.practo.com/delhi/doctor/dr-rajesh-gupta-psychiatrist
Dr. Radhika Soni, https://www.practo.com/delhi/doctor/dr-radhika-soni-clinical-psychologist
Dr. Arvind Verma, https://www.practo.com/delhi/doctor/dr-arvind-verma-psychiatrist
Dr. Neha Joshi, https://www.practo.com/delhi/doctor/dr-neha-joshi-psychologist
